Clinic Visit;https://nda.nih.gov/data_structure.html?short_name=ccv01
Blood Sample Collection;https://nda.nih.gov/data_structure.html?short_name=bsc01
Clinical Lab Tests;https://nda.nih.gov/data_structure.html?short_name=clinlabtests01
Domino Post-Scan Debriefing/H-C Version 2;https://nda.nih.gov/data_structure.html?short_name=domino_debrief01
Human ESC Preparation;https://nda.nih.gov/data_structure.html?short_name=hesc01
Human iPSC Preparation;https://nda.nih.gov/data_structure.html?short_name=hipsc01
Clinical Lab Tests Part II;https://nda.nih.gov/data_structure.html?short_name=clinlabtestsp201
Human Cell Genetic Modification;https://nda.nih.gov/data_structure.html?short_name=hcgm01
Human Primary Cell Preparation;https://nda.nih.gov/data_structure.html?short_name=hprimary_cells01
Serum Vitamin D Level;https://nda.nih.gov/data_structure.html?short_name=vitds01
Human Other Cell Line Preparation;https://nda.nih.gov/data_structure.html?short_name=hother01
Human Cell Donor Information;https://nda.nih.gov/data_structure.html?short_name=hcd_info01
Screening Test Results;https://nda.nih.gov/data_structure.html?short_name=str01
Biospecimen Shipping Form;https://nda.nih.gov/data_structure.html?short_name=bsf01
Clinical Trials: Inclusion/Exclusion Criteria;https://nda.nih.gov/data_structure.html?short_name=iec01
Headache Impact Test-6;https://nda.nih.gov/data_structure.html?short_name=hit01
Peds - Handedness (6:0+ y:m) ;https://nda.nih.gov/data_structure.html?short_name=peds_handedness_6001
ABCD dMRI RSI Part 6;https://nda.nih.gov/data_structure.html?short_name=abcd_drsip601
CPEA STAART CBCL 6 to 18 ;https://nda.nih.gov/data_structure.html?short_name=cs_cbcl_6_1802
The Life Events Checklist for DSM-5;https://nda.nih.gov/data_structure.html?short_name=lec501
Life Events Checklist;https://nda.nih.gov/data_structure.html?short_name=lec01
Lab Collection;https://nda.nih.gov/data_structure.html?short_name=labcol01
Brain and Tissue Bank Form;https://nda.nih.gov/data_structure.html?short_name=nichd_btb02
Subject Miscellaneous Information;https://nda.nih.gov/data_structure.html?short_name=subjmisc01
CPEA STAART CTOPP Ages 5 to 6;https://nda.nih.gov/data_structure.html?short_name=cs_ctopp_5_602
CPEA STAART CTOPP Ages 5 to 6;https://nda.nih.gov/data_structure.html?short_name=cs_ctopp_5_602
Dyadic Trust Scale (DyTS);https://nda.nih.gov/data_structure.html?short_name=dyts01
Neurochemicals Test Form;https://nda.nih.gov/data_structure.html?short_name=neurtf01
Depression Entry Form;https://nda.nih.gov/data_structure.html?short_name=ad01
Affective Disorders Evaluation;https://nda.nih.gov/data_structure.html?short_name=ade01
Multidimensional Inventory of Dissociation;https://nda.nih.gov/data_structure.html?short_name=multid01
Additional OA Clinical Measures;https://nda.nih.gov/data_structure.html?short_name=oscf01
OAI Lab Collection;https://nda.nih.gov/data_structure.html?short_name=oai_labcollection01
Sexual Behavior Scale;https://nda.nih.gov/data_structure.html?short_name=sexbehavs01
ABCD Youth Blood Analysis;https://nda.nih.gov/data_structure.html?short_name=abcd_ybd01
NEO Personality Inventory;https://nda.nih.gov/data_structure.html?short_name=neo_pi01
Eating Disorder Inventory -3;https://nda.nih.gov/data_structure.html?short_name=edi301
Laboratory Tests;https://nda.nih.gov/data_structure.html?short_name=labtests01
Chicago Hallucination Assessment Tool;https://nda.nih.gov/data_structure.html?short_name=chat01
Depressive Experiences Questionnaire;https://nda.nih.gov/data_structure.html?short_name=deq01
The Comprehensive Assessment of Traits relevant to Personality Disorder (CAT-PD);https://nda.nih.gov/data_structure.html?short_name=catpd01
Attributional Complexity Scale;https://nda.nih.gov/data_structure.html?short_name=attcom01
Peds - MRI Child History Form (4:6+ y:m);https://nda.nih.gov/data_structure.html?short_name=peds_mri_child_history01
S-adenosylmethionine (SAMe) Screening;https://nda.nih.gov/data_structure.html?short_name=same_screen01
FNIH Biochemical Biomarkers;https://nda.nih.gov/data_structure.html?short_name=bbf01
Health Questionnaire;https://nda.nih.gov/data_structure.html?short_name=health01
OAI FNIH Biochemical Biomarkers;https://nda.nih.gov/data_structure.html?short_name=oai_biomarker01
Magical Ideation Scale;https://nda.nih.gov/data_structure.html?short_name=mis01
Multidimensional Schizotypy Scale;https://nda.nih.gov/data_structure.html?short_name=mss01
Traumatic Events Screening Inventory Child Interview;https://nda.nih.gov/data_structure.html?short_name=tesi_c01
OAI FNIH Biochemical Biomarkers;https://nda.nih.gov/data_structure.html?short_name=oai_biomarker01
NEO Five-Factor Inventory Form S Adult;https://nda.nih.gov/data_structure.html?short_name=neo_ffi_form_s_adult_200301
NEO-Five Factor Inventory;https://nda.nih.gov/data_structure.html?short_name=nffi01
Moral Disengagement Scale;https://nda.nih.gov/data_structure.html?short_name=mdsa01
Chart Review;https://nda.nih.gov/data_structure.html?short_name=chartrev01
ABCD Brief Problem Monitor-Teacher Form For Ages 6-18 (BPMT);https://nda.nih.gov/data_structure.html?short_name=abcd_bpmt01
Minority Stress and Discrimination Inventory;https://nda.nih.gov/data_structure.html?short_name=minsdi01
Disgust Scale - Revised;https://nda.nih.gov/data_structure.html?short_name=dsr01
Borderline Symptom List;https://nda.nih.gov/data_structure.html?short_name=bsl09501
Circulation (serum) Endocannabinoid Concentrations;https://nda.nih.gov/data_structure.html?short_name=ecb01
Military and Work History;https://nda.nih.gov/data_structure.html?short_name=milwork01
Dysfunctional Attitudes Scale;https://nda.nih.gov/data_structure.html?short_name=das01
Daily Identity Diary Survey;https://nda.nih.gov/data_structure.html?short_name=dids01
Frost Multidimensional Perfectionism Scale;https://nda.nih.gov/data_structure.html?short_name=fmpds01
ABCD Summary Scores Brief Problem Monitor-Teacher Form for Ages 6-18;https://nda.nih.gov/data_structure.html?short_name=abcd_ssbpmtf01
Pregnancy Demographics Form;https://nda.nih.gov/data_structure.html?short_name=pregdemo01
ABC-CT Eye Tracking Derived Results;https://nda.nih.gov/data_structure.html?short_name=abc_vt_et01
Temperament and Character Inventory;https://nda.nih.gov/data_structure.html?short_name=tci01
ABCD Longitudinal Parent Medical History Questionnaire;https://nda.nih.gov/data_structure.html?short_name=abcd_lpmh01
Camouflaging Autistic Traits Questionnaire (CAT-Q);https://nda.nih.gov/data_structure.html?short_name=catq01